Rank,Symbol,Price,1W Return %,1M Return %,3M Return %,6M Return %,12M Return %,3M Volatility %,6M Volatility %,12M Volatility %,3M Score,6M Score,12M Score,Composite Score,As Of Date
1,WELCORP,2692.2,1.2,11.9,76.9,232.4,207.1,3.6,2.9,2.6,21.6,78.9,78.3,59.6,26-09-2026
2,LAURUSLABS,2026.2,3.7,5.0,33.5,104.1,126.1,1.8,1.8,1.9,18.8,59.1,67.3,48.4,26-09-2026
3,HFCL,210.69,-2.3,-14.3,-1.0,210.5,175.8,3.3,3.7,3.2,-0.3,57.5,55.3,37.5,26-09-2026
4,CPPLUS,3800.1,13.3,4.7,4.2,111.3,187.7,2.7,2.8,2.8,1.5,39.8,67.9,36.4,26-09-2026
5,DIVISLAB,9602,2.4,6.0,46.0,60.1,60.5,1.7,1.5,1.5,26.7,40.2,39.9,35.6,26-09-2026
6,SONACOMS,816.3,1.0,-0.3,31.7,70.0,97.1,1.9,1.9,2.0,16.3,36.6,49.7,34.2,26-09-2026
7,ATHERENERG,1499,-8.6,0.3,31.4,98.8,169.0,3.6,3.3,3.2,8.6,29.6,53.0,30.4,26-09-2026
8,WELSPUNLIV,222.32,3.6,15.6,40.1,105.4,82.1,2.2,2.4,2.9,17.8,43.0,28.8,29.9,26-09-2026
9,SYRMA,1698.6,-1.8,13.7,21.8,119.9,98.1,2.9,2.8,2.8,7.5,43.5,35.1,28.7,26-09-2026
10,SAILIFE,1594.9,-0.4,7.2,29.2,64.1,78.8,2.0,1.9,2.1,14.6,32.9,37.3,28.3,26-09-2026
11,REDINGTON,406.4,1.6,13.4,50.4,107.7,51.6,2.6,2.5,2.9,19.1,42.7,17.6,26.5,26-09-2026
12,RRKABEL,2529.8,3.2,-10.6,5.6,96.1,101.4,2.7,2.8,2.5,2.1,34.5,41.3,26.0,26-09-2026
13,MCX,3427.7,5.1,5.0,21.1,43.8,116.0,2.3,2.2,2.4,9.1,19.8,48.5,25.8,26-09-2026
14,RADICO,4481.3,-1.2,-2.7,13.8,70.8,51.9,1.6,1.8,2.1,8.6,39.5,25.0,24.4,26-09-2026
15,JBCHEPHARM,2408.9,0.0,7.4,18.4,29.2,45.1,1.3,1.3,1.3,14.5,21.8,35.0,23.8,26-09-2026
16,PAYTM,1735.5,-6.2,3.4,52.0,81.0,49.3,2.7,2.6,2.5,19.2,30.7,20.0,23.3,26-09-2026
17,AEGISLOG,1369.7,-3.2,5.5,16.7,128.8,79.7,3.7,3.5,3.0,4.5,36.8,26.8,22.7,26-09-2026
18,APARINDS,17804,-5.6,-0.5,13.4,80.2,103.8,3.1,2.9,2.9,4.3,27.5,35.5,22.4,26-09-2026
19,FINCABLES,1480,4.9,14.6,26.6,90.6,80.4,3.2,3.2,2.7,8.2,28.3,29.5,22.0,26-09-2026
20,ACMESOLAR,446.65,2.6,15.6,17.4,70.7,59.0,2.1,2.3,2.4,8.3,30.5,24.8,21.2,26-09-2026
21,NEULANDLAB,21905,-4.1,-6.8,18.1,82.5,46.1,2.3,2.3,2.4,7.9,35.5,19.0,20.8,26-09-2026
22,BHEL,415.35,-5.6,-4.3,0.3,65.5,77.0,2.1,2.3,2.3,0.1,28.6,33.5,20.8,26-09-2026
23,VIJAYA,1526.5,-2.1,3.8,13.0,77.5,45.6,2.0,2.3,2.0,6.4,33.1,22.5,20.7,26-09-2026
24,HONASA,472.95,-1.4,-0.5,5.9,58.6,57.1,2.0,2.0,2.0,3.0,29.9,28.5,20.4,26-09-2026
25,FEDERALBNK,329.5,-1.0,-4.4,-0.2,27.0,70.4,1.5,1.5,1.6,-0.1,18.1,43.0,20.3,26-09-2026
26,AUROPHARMA,1716,-1.0,4.8,8.7,31.6,57.3,1.6,1.6,1.6,5.4,19.9,35.3,20.2,26-09-2026
27,GLAND,2897.4,-2.2,0.8,16.1,70.8,46.5,2.2,2.5,2.1,7.5,28.7,22.2,19.4,26-09-2026
28,KIRLOSENG,2164.5,0.2,3.1,-8.4,62.9,122.5,2.5,3.2,3.0,-3.3,19.6,41.5,19.3,26-09-2026
29,NAVINFLUOR,8461,-1.5,-1.2,10.1,37.5,80.8,2.5,2.1,2.3,4.0,17.9,35.1,19.0,26-09-2026
30,GRANULES,853,-2.6,2.5,4.9,37.5,60.7,1.8,1.8,1.9,2.7,20.8,32.6,18.7,26-09-2026
31,CRAFTSMAN,10710,-3.8,1.6,14.1,51.9,58.1,2.0,2.2,2.3,7.1,23.4,25.5,18.6,26-09-2026
32,BOSCHLTD,47750,1.6,-2.3,19.7,57.1,21.2,1.5,1.9,1.8,13.0,30.8,11.8,18.5,26-09-2026
33,RBLBANK,412.75,-0.8,7.1,12.1,42.8,53.1,1.9,2.0,2.0,6.5,21.6,27.2,18.4,26-09-2026
34,MOTHERSON,162.5,0.0,-2.1,9.9,54.9,51.3,1.7,2.2,2.1,5.7,25.1,24.1,18.3,26-09-2026
35,NYKAA,335.3,1.0,-0.8,7.9,42.7,41.5,1.5,1.7,1.8,5.1,25.7,23.5,18.1,26-09-2026
36,CEMPRO,1268.5,0.4,1.4,-2.3,148.3,55.0,2.6,3.9,3.3,-0.9,38.3,16.6,18.0,26-09-2026
37,ACUTAAS,3283.7,-4.6,-1.4,-6.9,28.3,132.7,2.7,2.9,2.9,-2.5,9.7,46.2,17.8,26-09-2026
38,WOCKPHARMA,2287.7,9.7,16.6,17.8,94.6,53.5,2.5,3.2,3.3,7.1,29.6,16.2,17.6,26-09-2026
39,TITAN,4832.5,0.7,-6.0,10.1,22.7,41.8,1.1,1.6,1.5,9.0,14.5,28.6,17.4,26-09-2026
40,ENGINERSIN,296.65,11.4,20.1,23.3,62.9,49.2,2.4,2.8,2.7,9.8,22.6,18.0,16.8,26-09-2026
41,CAPLIPOINT,2867.4,4.3,12.9,9.2,84.0,26.8,2.5,2.5,2.2,3.7,34.1,12.5,16.7,26-09-2026
42,IDEA,14.12,1.4,-5.7,-2.4,65.5,62.7,2.1,2.3,2.9,-1.1,28.2,21.8,16.3,26-09-2026
43,IPCALAB,1997.1,-0.6,1.9,17.4,24.7,48.1,1.9,1.8,1.9,9.4,14.0,25.3,16.2,26-09-2026
44,BAJAJ-AUTO,11208,-1.8,-4.4,15.4,27.6,26.8,1.4,1.5,1.4,10.9,18.6,18.9,16.1,26-09-2026
45,CARBORUNIV,1296.5,15.3,17.3,8.8,68.9,33.4,2.3,2.4,2.2,3.8,28.4,15.4,15.9,26-09-2026
46,PTCIL,21820,-4.3,5.8,27.2,45.6,43.4,2.4,2.7,2.3,11.2,17.1,18.9,15.7,26-09-2026
47,RKFORGE,709.55,-2.0,-1.0,25.6,52.3,26.5,2.2,2.3,2.3,11.6,22.9,11.8,15.4,26-09-2026
48,CGCL,259.4,-4.2,1.2,19.8,56.7,34.7,2.8,2.5,2.2,7.0,23.0,15.7,15.3,26-09-2026
49,ABDL,712.15,10.0,17.2,6.6,79.4,33.0,2.4,2.7,2.6,2.8,29.5,12.7,15.0,26-09-2026
50,SHYAMMETL,1097.9,-0.2,5.3,16.1,43.0,20.0,1.7,1.8,1.8,9.6,24.0,11.2,15.0,26-09-2026
51,ACE,1241,1.0,9.2,21.2,65.7,11.4,2.3,2.3,2.1,9.1,29.2,5.4,14.6,26-09-2026
52,SOLARINDS,19480,5.0,-5.3,4.3,61.4,37.1,2.7,2.4,2.2,1.6,25.6,16.6,14.6,26-09-2026
53,OFSS,10925,-8.2,-7.8,1.4,67.0,25.9,2.1,2.2,2.1,0.7,30.1,12.5,14.4,26-09-2026
54,IIFL,617.55,2.9,-2.9,21.6,43.5,41.6,2.3,2.5,2.5,9.5,17.2,16.4,14.4,26-09-2026
55,TORNTPHARM,4928.5,1.8,-1.4,6.7,17.0,37.6,1.6,1.5,1.4,4.3,11.3,27.2,14.3,26-09-2026
56,AJANTPHARM,3539.5,-0.7,-0.4,4.6,26.1,39.1,1.6,1.7,1.6,2.9,15.3,24.2,14.1,26-09-2026
57,MEDANTA,1506.2,0.5,3.2,15.5,49.0,13.4,1.8,1.8,1.9,8.5,26.6,7.0,14.1,26-09-2026
58,CHENNPETRO,1372.7,-3.1,1.5,18.7,41.9,81.9,3.5,3.4,3.4,5.3,12.4,24.3,14.0,26-09-2026
59,LLOYDSME,1821.9,-0.3,1.3,0.6,43.3,42.7,1.8,1.9,2.3,0.4,22.4,18.5,13.8,26-09-2026
60,BHARATFORG,1998.9,1.9,-2.5,-6.8,19.4,65.3,1.8,1.8,1.9,-3.9,10.7,34.4,13.7,26-09-2026
61,HSCL,674.9,-0.1,0.1,-0.6,52.8,46.0,2.6,2.6,2.2,-0.2,20.6,20.7,13.7,26-09-2026
62,FLUOROCHEM,4475.9,-2.4,-4.2,12.9,47.8,18.3,2.0,1.9,1.9,6.4,25.0,9.5,13.6,26-09-2026
63,ETERNAL,335.5,2.7,2.1,26.8,46.5,1.0,1.7,1.9,2.1,15.5,24.9,0.5,13.6,26-09-2026
64,GRAPHITE,814.7,-1.9,19.3,32.8,32.1,42.7,3.0,2.6,2.7,11.1,12.3,15.6,13.0,26-09-2026
65,AEGISVOPAK,289.1,-8.2,9.7,23.2,78.8,18.8,3.2,3.1,3.0,7.2,25.2,6.3,12.9,26-09-2026
66,PVRINOX,1256.7,-5.1,1.7,30.7,36.8,12.8,2.3,1.9,2.0,13.2,18.9,6.5,12.9,26-09-2026
67,PNBHOUSING,1094.5,-3.4,-7.1,6.2,46.1,24.0,1.7,2.0,2.0,3.7,23.0,11.8,12.8,26-09-2026
68,IDFCFIRSTB,83.76,-2.5,-0.1,5.4,42.3,19.8,1.5,1.7,2.0,3.6,24.8,10.0,12.8,26-09-2026
69,EMCURE,1952.1,-2.6,3.9,6.3,22.4,47.2,1.6,1.9,2.1,3.9,11.6,22.9,12.8,26-09-2026
70,BELRISE,243.63,1.4,6.3,2.1,31.0,51.6,1.9,2.1,2.4,1.1,14.7,21.9,12.6,26-09-2026
71,KALYANKJIL,573.6,-1.4,-8.9,48.3,52.6,24.0,3.7,3.3,3.0,13.2,15.8,8.0,12.3,26-09-2026
72,PPLPHARMA,208.12,0.0,-3.2,23.8,52.4,6.0,2.1,2.3,2.1,11.4,22.6,2.8,12.2,26-09-2026
73,COFORGE,1785.9,-3.0,-6.1,21.9,60.2,12.2,2.5,2.7,2.4,8.6,22.4,5.0,12.0,26-09-2026
74,JYOTICNC,1072.55,2.2,4.2,38.4,48.6,20.8,2.9,3.1,2.9,13.2,15.5,7.2,12.0,26-09-2026
75,LODHA,1158,1.2,-7.1,21.2,71.1,0.8,2.6,2.6,2.4,8.1,27.5,0.3,12.0,26-09-2026
76,CARTRADE,3004.8,0.5,-2.5,11.6,82.1,22.4,2.8,3.3,3.4,4.1,25.0,6.6,11.9,26-09-2026
77,APLAPOLLO,2184.8,-3.8,-0.2,22.1,12.8,29.4,1.8,1.9,1.7,12.0,6.8,16.9,11.9,26-09-2026
78,ZYDUSLIFE,1180.3,1.8,-0.8,6.2,35.6,14.0,1.7,1.6,1.5,3.7,22.2,9.5,11.8,26-09-2026
79,NUVAMA,1695.4,-1.1,-5.0,-6.1,47.4,39.9,2.2,2.4,2.2,-2.8,20.0,17.9,11.7,26-09-2026
80,JINDALSAW,283.1,-2.2,-8.8,8.3,54.6,34.3,2.4,2.7,3.0,3.4,20.0,11.5,11.6,26-09-2026
81,TVSMOTOR,4091,-1.9,-7.2,18.2,21.6,18.9,1.6,1.8,1.7,11.4,12.1,11.1,11.5,26-09-2026
82,MAHABANK,82.38,-1.4,-2.7,-9.9,36.4,50.7,2.0,2.2,2.2,-5.1,16.6,22.8,11.4,26-09-2026
83,ANTHEM,885.6,-4.6,-4.2,14.9,35.0,10.0,1.7,1.7,1.8,8.7,20.1,5.5,11.4,26-09-2026
84,APOLLOHOSP,8888.5,-0.6,1.0,2.4,19.8,16.6,1.2,1.1,1.2,2.0,17.8,14.4,11.4,26-09-2026
85,ADANIPORTS,1785.3,-2.1,4.2,-1.4,36.0,26.9,1.8,1.8,1.9,-0.8,20.3,14.5,11.3,26-09-2026
86,TBOTEK,1687.2,-1.4,-1.1,17.2,52.7,5.5,2.1,2.3,2.3,8.1,23.1,2.4,11.2,26-09-2026
87,KARURVYSYA,325,-2.2,-6.2,9.8,12.3,54.9,2.2,2.3,2.3,4.4,5.4,23.7,11.1,26-09-2026
88,MOTILALOFS,1022,1.2,-1.6,7.4,61.5,9.2,2.1,2.4,2.5,3.6,25.6,3.7,11.0,26-09-2026
89,IKS,1868.3,5.0,7.3,9.9,37.9,23.3,2.2,2.2,2.2,4.5,17.5,10.8,10.9,26-09-2026
90,NAM-INDIA,1144.9,-0.9,-4.9,-1.5,44.4,37.3,1.9,2.4,2.4,-0.8,18.1,15.4,10.9,26-09-2026
91,ABCAPITAL,390.1,-4.9,-4.9,-0.5,33.5,36.2,2.0,2.2,2.1,-0.2,15.1,17.6,10.8,26-09-2026
92,ADANIENSOL,1340.5,-6.7,-17.1,-10.1,43.4,49.9,2.2,2.5,2.5,-4.7,17.1,20.0,10.8,26-09-2026
93,EXIDEIND,426.55,-2.1,-2.6,10.1,48.2,8.5,1.9,2.1,1.8,5.4,22.5,4.6,10.8,26-09-2026
94,THELEELA,533.2,-1.4,-3.6,11.2,28.6,23.4,2.0,2.0,1.9,5.6,14.6,12.1,10.8,26-09-2026
95,BALRAMCHIN,659.4,-2.0,1.5,18.8,32.7,39.2,3.6,2.9,2.5,5.3,11.4,15.7,10.8,26-09-2026
96,DATAPATTNS,4395.5,-2.6,-5.8,-2.4,44.8,59.7,3.2,3.3,3.2,-0.7,13.6,18.6,10.5,26-09-2026
97,PFOCUS,318.75,-7.4,7.8,44.2,-3.2,63.0,3.3,3.2,3.4,13.5,-1.0,18.7,10.4,26-09-2026
98,SIEMENS,3841.8,-1.8,-6.2,7.2,31.5,19.1,1.5,2.0,1.9,4.8,16.0,10.1,10.3,26-09-2026
99,SHRIRAMFIN,990,-2.0,-10.1,-4.5,14.2,60.2,1.8,2.2,2.2,-2.4,6.4,26.9,10.3,26-09-2026
100,GABRIEL,1397.3,5.7,3.0,12.8,69.1,11.4,3.3,3.0,3.2,3.9,23.1,3.6,10.2,26-09-2026
101,ADANIENT,2900,-4.0,-8.5,-4.5,64.9,12.6,2.1,2.4,2.3,-2.2,27.3,5.4,10.2,26-09-2026
102,NATIONALUM,358.4,2.3,-7.9,5.8,-6.5,80.1,2.4,2.5,2.6,2.4,-2.6,30.6,10.1,26-09-2026
103,ABB,7129,-2.0,-4.8,1.4,20.0,37.1,1.7,2.0,1.9,0.8,10.0,19.5,10.1,26-09-2026
104,JSWINFRA,360.7,3.6,6.7,12.0,49.8,6.6,2.2,2.3,2.1,5.6,21.3,3.2,10.0,26-09-2026
105,USHAMART,523.2,3.2,7.0,6.1,34.7,18.2,1.8,1.9,2.1,3.5,17.9,8.6,10.0,26-09-2026
106,PHOENIXLTD,1955,4.1,2.9,0.5,30.4,19.5,1.7,1.8,1.6,0.3,17.2,11.8,9.8,26-09-2026
107,GLAXO,2829.2,-0.3,-6.8,20.2,25.2,3.0,1.7,1.6,1.6,11.6,15.5,1.9,9.7,26-09-2026
108,ELGIEQUIP,608.8,-0.1,1.6,1.8,30.3,22.9,1.9,1.8,2.1,1.0,16.9,11.1,9.6,26-09-2026
109,INDGN,594.1,-1.0,4.7,13.1,36.7,3.9,1.9,1.9,1.8,7.0,19.5,2.2,9.6,26-09-2026
110,HAL,4774.2,-0.5,-2.6,9.0,36.9,0.0,1.4,1.7,1.7,6.4,22.0,0.0,9.4,26-09-2026
111,GLENMARK,2430.4,-0.7,-1.2,10.3,14.0,19.7,1.4,1.6,1.6,7.2,8.6,12.1,9.3,26-09-2026
112,POWERINDIA,30715,-6.1,-9.3,-12.0,26.8,61.7,2.6,2.6,2.8,-4.6,10.2,22.2,9.3,26-09-2026
113,GRASIM,3166.5,-1.3,-2.8,2.2,23.8,14.0,1.5,1.4,1.4,1.5,16.6,9.6,9.3,26-09-2026
114,SAIL,184,3.8,-4.7,6.1,21.5,35.0,2.1,2.3,2.3,2.9,9.2,15.3,9.1,26-09-2026
115,J&KBANK,147.07,0.3,-3.4,-5.0,33.7,43.1,3.1,2.8,2.6,-1.6,12.1,16.8,9.1,26-09-2026
116,MINDACORP,680.3,-1.6,-1.5,-2.3,28.8,27.6,1.7,2.0,2.0,-1.3,14.7,13.7,9.0,26-09-2026
117,UNIONBANK,179.45,1.6,-2.7,7.1,12.5,32.8,1.7,2.0,2.0,4.1,6.2,16.2,8.8,26-09-2026
118,NETWEB,4661.5,-0.1,-11.6,2.8,50.5,36.5,2.9,3.4,3.4,1.0,14.7,10.7,8.8,26-09-2026
119,LALPATHLAB,1961.3,3.4,1.3,19.1,49.5,-39.9,1.4,2.1,3.7,13.3,23.5,-10.9,8.6,26-09-2026
120,KPIL,1399.6,-3.2,0.6,4.0,30.4,11.8,1.6,1.8,1.9,2.5,17.0,6.4,8.6,26-09-2026
121,BLUEJET,573.45,-0.3,-2.1,9.2,75.2,-13.8,2.2,2.9,3.0,4.2,26.2,-4.7,8.6,26-09-2026
122,ANANTRAJ,624.1,3.0,3.1,19.7,53.8,-7.9,2.1,2.8,2.7,9.6,19.0,-2.9,8.6,26-09-2026
123,HINDALCO,982,-0.5,-4.1,2.7,11.0,31.7,1.5,1.7,1.8,1.7,6.4,17.4,8.5,26-09-2026
124,URBANCO,171.26,1.3,2.3,30.4,44.1,-2.4,2.9,2.8,2.8,10.5,15.8,-0.8,8.5,26-09-2026
125,AARTIIND,489.45,-0.4,-9.2,6.8,22.7,28.7,1.9,2.3,2.4,3.6,9.7,12.1,8.5,26-09-2026
126,MARICO,824.55,2.6,-1.1,-1.0,12.6,17.1,1.2,1.1,1.1,-0.8,10.9,15.0,8.4,26-09-2026
127,PNB,117.12,-0.1,1.5,9.8,19.9,8.6,1.3,1.6,1.7,7.4,12.6,5.0,8.4,26-09-2026
128,IFCI,75.19,-1.7,-10.8,0.4,57.0,36.4,3.3,3.9,3.5,0.1,14.5,10.5,8.4,26-09-2026
129,ASAHIINDIA,965.4,0.5,1.5,13.6,23.1,6.1,1.4,1.9,2.1,9.5,12.3,3.0,8.3,26-09-2026
130,INDUSINDBK,919.5,-4.8,-8.3,-0.5,22.2,24.1,1.6,1.9,1.8,-0.3,11.7,13.3,8.2,26-09-2026
131,ADANIPOWER,199.48,-3.5,-7.2,-10.9,32.6,33.9,1.8,2.2,2.2,-6.0,15.0,15.5,8.2,26-09-2026
132,AUBANK,1000.1,-5.5,-10.2,-3.0,13.3,35.9,1.6,1.9,1.9,-1.8,7.0,19.1,8.1,26-09-2026
133,STARHEALTH,550.4,0.6,-6.1,-6.6,20.3,20.6,1.4,1.4,1.5,-4.7,14.2,13.9,7.8,26-09-2026
134,OBEROIRLTY,1837.5,2.9,-1.9,4.0,26.4,10.8,1.8,1.8,1.7,2.2,14.9,6.2,7.8,26-09-2026
135,SCHNEIDER,1218.8,0.4,1.0,-10.4,44.1,42.5,3.0,3.4,3.1,-3.5,12.9,13.9,7.8,26-09-2026
136,HINDZINC,587.15,-1.5,-3.8,10.1,16.9,25.8,2.0,2.1,2.5,5.1,7.9,10.2,7.8,26-09-2026
137,ADANIGREEN,1280.1,-4.1,-3.6,-14.2,58.6,18.6,2.1,2.6,2.7,-6.7,22.9,7.0,7.7,26-09-2026
138,TATATECH,717.75,-0.7,-10.2,4.9,43.1,6.5,2.5,2.4,2.1,1.9,17.8,3.1,7.6,26-09-2026
139,GESHIP,1482.6,3.5,12.6,0.0,4.8,45.6,1.8,2.4,2.2,0.0,2.0,20.9,7.6,26-09-2026
140,BSE,3183.8,-2.5,-4.3,-17.6,18.6,55.8,2.0,2.2,2.4,-9.0,8.6,23.1,7.6,26-09-2026
141,SPLPETRO,879.9,1.6,27.2,24.6,20.5,3.8,2.2,2.1,2.6,11.3,9.6,1.5,7.4,26-09-2026
142,CONCORDBIO,1478.8,-1.0,-0.2,15.5,45.2,-7.0,2.3,2.5,2.5,6.7,18.2,-2.7,7.4,26-09-2026
143,M&MFIN,339.9,-3.8,-11.3,10.1,21.5,23.2,2.4,2.6,2.5,4.1,8.4,9.3,7.2,26-09-2026
144,SAREGAMA,498.45,-0.3,2.3,1.2,56.1,4.6,2.5,2.9,2.6,0.5,19.5,1.7,7.2,26-09-2026
145,TECHM,1543,0.4,-2.7,12.7,14.4,10.1,1.6,1.8,1.7,7.9,7.8,5.9,7.2,26-09-2026
146,MANAPPURAM,324.95,1.8,-6.6,0.5,30.0,14.2,2.0,2.1,2.1,0.3,14.3,6.8,7.1,26-09-2026
147,OIL,479,0.7,2.2,15.1,1.0,20.8,1.5,2.0,1.9,10.1,0.5,10.7,7.1,26-09-2026
148,UNITDSPR,1423.3,3.8,-6.5,6.2,17.7,6.7,1.3,1.5,1.5,4.9,12.0,4.4,7.1,26-09-2026
149,JSWSTEEL,1273.2,-0.2,-4.8,3.8,13.4,10.9,1.3,1.2,1.5,3.0,10.8,7.2,7.0,26-09-2026
150,CGPOWER,886.7,-0.6,-1.3,-6.9,35.4,16.8,2.3,2.2,2.1,-3.0,16.1,7.8,7.0,26-09-2026
151,NESTLEIND,1351,-1.6,-6.8,-3.4,15.6,15.8,1.4,1.4,1.3,-2.4,10.9,12.4,7.0,26-09-2026
152,TEGA,2062,6.1,27.3,21.7,21.4,7.9,2.8,2.5,2.3,7.7,8.5,3.5,6.6,26-09-2026
153,ECLERX,1890.1,-1.3,-2.6,42.7,36.3,-55.5,3.0,3.0,8.3,14.4,12.0,-6.7,6.6,26-09-2026
154,DEVYANI,137.5,-2.2,-5.9,23.5,45.4,-20.6,2.3,2.5,2.5,10.2,17.9,-8.4,6.6,26-09-2026
155,INDHOTEL,728.8,-0.5,1.4,2.1,27.7,-0.5,1.3,1.5,1.6,1.6,18.3,-0.3,6.5,26-09-2026
156,JUBLPHARMA,1063.85,-0.2,21.1,9.6,26.0,-1.5,2.0,1.7,1.9,4.8,15.3,-0.8,6.4,26-09-2026
157,KIMS,800.45,-1.2,4.2,-1.7,28.8,9.3,1.3,1.9,2.0,-1.3,15.6,4.7,6.3,26-09-2026
158,CYIENT,1057.8,-1.4,1.0,20.0,34.8,-10.4,2.3,2.3,2.1,8.6,15.1,-4.9,6.3,26-09-2026
159,ASTERDM,768.65,1.8,1.8,-2.0,14.7,19.6,1.5,1.7,1.8,-1.3,8.7,11.0,6.1,26-09-2026
160,HINDCOPPER,495.7,-0.3,-7.6,-1.1,9.3,51.0,2.5,2.5,3.5,-0.4,3.7,14.7,6.0,26-09-2026
161,GAIL,173.85,0.0,0.8,0.2,26.2,-0.3,1.3,1.5,1.6,0.2,17.8,-0.2,5.9,26-09-2026
162,FIVESTAR,524.85,-2.5,-1.7,3.9,39.3,0.4,2.1,2.5,2.6,1.9,15.6,0.2,5.9,26-09-2026
163,PETRONET,286.6,-2.1,-1.5,2.1,16.7,9.8,1.3,1.6,1.9,1.6,10.7,5.3,5.8,26-09-2026
164,LTFOODS,424.5,0.3,-3.1,15.7,16.9,-0.3,1.8,1.8,2.4,8.5,9.1,-0.1,5.8,26-09-2026
165,KAJARIACER,1221.8,1.6,1.0,1.3,28.5,0.7,1.2,1.8,1.8,1.1,16.0,0.4,5.8,26-09-2026
166,GVT&D,4286.3,-2.3,-2.8,-13.3,17.7,45.1,2.7,2.9,2.8,-4.9,6.2,16.0,5.8,26-09-2026
167,PARADEEP,154.5,-0.7,-2.8,14.7,45.5,-19.1,2.6,2.4,2.6,5.7,18.8,-7.3,5.7,26-09-2026
168,DLF,670.4,4.0,-0.9,8.1,33.0,-7.0,1.9,2.0,1.9,4.3,16.5,-3.7,5.7,26-09-2026
169,VTL,563.6,-2.5,-4.4,-10.7,8.5,36.6,1.9,1.9,2.0,-5.5,4.5,18.1,5.7,26-09-2026
170,CHALET,894.9,3.4,-1.7,9.8,27.4,-10.1,1.6,1.7,1.8,6.3,16.2,-5.7,5.6,26-09-2026
171,RAINBOW,1412.6,-2.9,-2.4,0.7,21.6,0.5,1.2,1.4,1.4,0.6,15.8,0.3,5.6,26-09-2026
172,3MINDIA,34590,1.5,3.0,5.8,8.8,15.4,1.6,1.7,2.0,3.5,5.2,7.8,5.5,26-09-2026
173,SAGILITY,45,-1.5,1.7,14.5,12.9,4.2,2.0,1.9,2.2,7.4,7.0,1.9,5.4,26-09-2026
174,PERSISTENT,5277,-2.6,-6.7,22.4,8.6,2.4,1.9,2.3,2.2,11.5,3.7,1.1,5.4,26-09-2026
175,SAPPHIRE,225.7,-1.9,-5.9,24.9,50.1,-26.7,2.7,3.1,2.9,9.2,16.2,-9.2,5.4,26-09-2026
176,SUNPHARMA,1849.9,0.7,-3.3,-0.4,5.6,14.7,1.1,1.3,1.2,-0.4,4.3,12.1,5.3,26-09-2026
177,CASTROLIND,194.8,-1.2,5.1,5.6,12.3,-2.7,0.9,1.0,1.1,6.3,12.0,-2.4,5.3,26-09-2026
178,BEML,2044.4,-4.2,6.5,16.1,49.3,-53.1,2.2,2.3,4.0,7.4,21.6,-13.3,5.3,26-09-2026
179,YESBANK,22.44,-1.2,0.8,-7.2,30.1,5.9,1.5,1.8,1.8,-4.9,16.4,3.4,4.9,26-09-2026
180,NAUKRI,1224,-2.2,-7.5,24.4,23.8,-11.6,2.5,2.2,1.9,9.7,10.9,-5.9,4.9,26-09-2026
181,JINDALSTEL,1157.8,3.4,-1.0,9.2,4.0,10.1,1.5,1.5,1.8,6.2,2.6,5.7,4.9,26-09-2026
182,PCBL,338.6,0.6,4.8,6.9,41.9,-10.4,3.0,2.8,2.9,2.3,15.1,-3.6,4.6,26-09-2026
183,UNOMINDA,1224.4,-4.6,-4.3,12.6,18.9,-6.2,1.7,2.0,2.1,7.4,9.5,-3.0,4.6,26-09-2026
184,OLAELEC,42.52,16.9,13.0,-2.8,86.5,-25.3,3.0,4.0,3.7,-0.9,21.4,-6.9,4.5,26-09-2026
185,CRISIL,4503.5,-1.6,-0.2,10.5,17.2,-5.5,1.6,1.7,1.7,6.4,10.3,-3.3,4.5,26-09-2026
186,POLYMED,1716,-0.6,0.4,1.9,44.4,-13.3,1.9,2.6,2.7,1.0,17.2,-5.0,4.4,26-09-2026
187,POONAWALLA,466.8,-2.6,-3.2,5.8,26.7,-3.9,2.2,2.2,2.3,2.6,12.3,-1.7,4.4,26-09-2026
188,SCI,276.6,-0.2,-5.1,-9.1,26.3,22.4,1.8,2.6,2.9,-5.0,10.2,7.8,4.3,26-09-2026
189,KPRMILL,1113.8,-2.4,-2.0,-1.6,32.1,1.0,1.9,2.4,2.6,-0.8,13.3,0.4,4.3,26-09-2026
190,EICHERMOT,7338.5,-2.4,-9.4,3.8,11.4,5.1,1.2,1.7,1.7,3.0,6.8,3.0,4.3,26-09-2026
191,BANDHANBNK,182.9,4.5,7.8,-10.4,29.4,16.3,3.0,2.9,2.6,-3.5,10.1,6.2,4.2,26-09-2026
192,ABSLAMC,1024.2,-3.4,-2.1,-11.3,16.6,27.5,2.1,2.5,2.4,-5.3,6.7,11.3,4.2,26-09-2026
193,NH,1877.7,-2.6,-1.4,-4.6,17.2,9.3,1.7,1.7,1.9,-2.7,10.0,4.9,4.1,26-09-2026
194,NIACL,180.4,-3.9,-2.6,2.2,54.4,-7.1,3.7,3.9,3.0,0.6,13.9,-2.4,4.0,26-09-2026
195,MANKIND,2500,8.7,3.4,-1.8,22.6,-2.5,1.6,1.6,1.6,-1.1,14.2,-1.5,3.9,26-09-2026
196,PIDILITIND,1522,-3.2,-8.1,-3.8,19.3,0.9,1.5,1.5,1.4,-2.6,13.1,0.6,3.7,26-09-2026
197,360ONE,1080.8,0.7,-10.2,0.6,13.8,5.3,1.8,1.8,1.8,0.3,7.8,3.0,3.7,26-09-2026
198,DIXON,13299,2.3,-9.6,11.6,37.5,-26.9,2.0,2.3,2.5,5.9,16.2,-11.0,3.7,26-09-2026
199,AIAENG,3953.4,-0.5,-6.7,-20.2,13.4,29.6,1.8,1.9,1.9,-11.4,7.2,15.2,3.6,26-09-2026
200,ZENTEC,1645.7,-2.5,-9.9,-7.2,28.7,7.4,2.2,2.6,2.3,-3.2,11.0,3.2,3.6,26-09-2026
201,CUMMINSIND,4973,-2.5,-4.2,-12.1,10.5,25.1,1.4,1.8,1.8,-8.8,5.7,13.9,3.6,26-09-2026
202,MRPL,164.49,-0.5,-3.7,10.4,-8.5,31.8,3.0,2.9,3.1,3.4,-3.0,10.1,3.5,26-09-2026
203,CHOLAFIN,1681.7,-6.6,-10.3,-6.0,24.1,5.6,1.8,2.2,2.1,-3.3,10.7,2.7,3.4,26-09-2026
204,LTF,282,-9.9,-12.4,-9.3,17.4,15.6,2.2,2.4,2.3,-4.1,7.3,6.8,3.3,26-09-2026
205,TITAGARH,819.25,-2.1,-1.3,-6.9,42.7,-8.6,1.7,2.4,2.3,-3.9,17.4,-3.8,3.2,26-09-2026
206,POLYCAB,8366.5,-0.4,-7.9,-16.0,22.8,11.6,1.7,1.9,1.9,-9.2,12.3,6.1,3.1,26-09-2026
207,HEROMOTOCO,5296,0.2,-4.6,10.5,4.6,-1.1,1.6,1.6,1.7,6.6,2.9,-0.7,2.9,26-09-2026
208,BAJFINANCE,982,-5.6,-9.3,-2.3,22.5,-3.0,2.0,2.0,1.9,-1.1,11.5,-1.6,2.9,26-09-2026
209,GODREJIND,1099,-0.8,-4.5,-6.4,46.7,-9.4,2.6,3.2,2.6,-2.5,14.7,-3.6,2.9,26-09-2026
210,IDBI,82.6,-0.6,-10.5,-1.1,34.3,-9.1,2.2,2.8,3.0,-0.5,12.1,-3.1,2.9,26-09-2026
211,PRESTIGE,1475,2.8,-9.1,-5.6,31.1,-6.1,2.1,2.2,2.1,-2.6,14.0,-2.9,2.8,26-09-2026
212,HOMEFIRST,1157.5,-6.8,-3.6,1.6,24.5,-9.5,1.8,2.1,2.4,0.9,11.5,-4.0,2.8,26-09-2026
213,DEEPAKFERT,1361.4,1.4,-6.5,-12.6,49.8,-12.0,2.0,2.6,2.6,-6.5,19.1,-4.7,2.7,26-09-2026
214,INDIANB,830,-1.2,-6.2,1.6,-1.9,16.5,1.8,1.9,2.1,0.9,-1.0,8.0,2.7,26-09-2026
215,JUBLINGREA,635.35,1.7,-8.1,4.5,16.9,-5.2,2.0,2.1,2.3,2.2,8.0,-2.3,2.6,26-09-2026
216,BAJAJHLDNG,10917,-3.2,-4.2,3.0,24.8,-15.4,1.6,1.7,1.8,1.8,14.4,-8.5,2.6,26-09-2026
217,SBIN,978.5,-1.8,-6.2,-4.7,1.7,15.0,1.2,1.5,1.5,-3.9,1.2,10.2,2.5,26-09-2026
218,ZYDUSWELL,520.15,-0.4,-2.8,-9.4,22.2,7.3,2.3,2.7,2.4,-4.1,8.3,3.0,2.4,26-09-2026
219,ENDURANCE,2663.2,-2.5,-10.8,0.0,17.8,-4.5,1.6,1.9,1.9,0.0,9.6,-2.3,2.4,26-09-2026
220,LICHSGFIN,564.25,2.9,5.4,0.0,13.9,-1.3,1.5,1.8,1.6,0.0,7.9,-0.8,2.4,26-09-2026
221,HBLENGINE,775.3,2.0,16.5,-4.6,26.1,-5.5,2.1,2.3,2.8,-2.1,11.2,-2.0,2.4,26-09-2026
222,TATASTEEL,188.02,1.3,0.7,0.0,0.0,11.1,1.2,1.3,1.6,0.0,0.0,6.8,2.3,26-09-2026
223,NSLNISP,42.54,-0.1,-5.5,-0.7,28.1,-8.3,2.5,2.7,2.5,-0.3,10.4,-3.4,2.2,26-09-2026
224,BANKINDIA,137.76,-1.6,-4.7,-1.9,0.6,15.0,1.6,1.9,2.1,-1.1,0.3,7.1,2.1,26-09-2026
225,ASHOKLEY,157.3,-3.5,-11.3,-0.3,2.1,12.0,1.9,2.5,2.3,-0.1,0.8,5.2,2.0,26-09-2026
226,KEI,4636.5,-0.3,-16.3,-14.6,14.8,11.5,2.5,2.3,2.2,-5.9,6.4,5.2,1.9,26-09-2026
227,BIOCON,387,0.5,-7.5,-7.5,7.2,8.7,1.8,1.7,1.6,-4.1,4.3,5.3,1.8,26-09-2026
228,GMRAIRPORT,97.35,-2.0,-1.4,-13.2,14.9,9.2,1.7,1.9,2.0,-8.0,8.0,4.7,1.6,26-09-2026
229,SUNDARMFIN,4592,-2.9,-1.0,2.4,5.5,-0.3,1.4,1.8,1.8,1.7,3.1,-0.2,1.6,26-09-2026
230,NMDC,80.82,2.1,-5.7,-5.1,6.0,7.9,1.3,1.6,1.7,-4.0,3.7,4.5,1.4,26-09-2026
231,LT,3858.4,-0.7,-4.2,-6.9,10.1,5.9,1.1,1.4,1.6,-6.5,7.0,3.7,1.4,26-09-2026
232,CHOICEIN,749.5,-1.9,-4.1,0.6,14.8,-8.1,1.7,1.9,2.0,0.3,7.8,-4.0,1.4,26-09-2026
233,CDSL,1320,-5.0,-6.4,1.1,17.9,-11.7,1.7,1.9,2.0,0.6,9.3,-5.9,1.4,26-09-2026
234,DEEPAKNTR,1600.9,0.9,-8.7,3.5,19.0,-14.4,1.7,2.0,1.8,2.0,9.6,-7.9,1.3,26-09-2026
235,JSL,738.95,-1.6,4.8,6.7,3.9,-5.8,1.7,1.7,2.0,4.0,2.4,-2.9,1.1,26-09-2026
236,FSL,262.15,-4.1,-2.4,14.8,28.3,-26.2,3.6,3.7,3.1,4.1,7.6,-8.3,1.1,26-09-2026
237,CANBK,125.9,1.7,-1.8,0.3,2.0,3.7,1.3,1.8,1.9,0.2,1.1,2.0,1.1,26-09-2026
238,ANGELONE,290.7,-2.8,-1.8,-12.1,27.8,-86.8,1.9,2.5,64.3,-6.4,11.1,-1.3,1.1,26-09-2026
239,ICICIBANK,1334.5,-0.3,-7.5,-3.0,10.7,-3.0,1.0,1.3,1.2,-3.0,8.5,-2.4,1.0,26-09-2026
240,TATACOMM,1670,-6.2,-1.2,-15.3,25.0,1.9,1.5,2.1,2.1,-10.4,12.1,0.9,0.9,26-09-2026
241,SONATSOFTW,274.7,0.3,-5.1,4.4,33.4,-25.3,3.0,3.5,2.9,1.5,9.6,-8.6,0.8,26-09-2026
242,ANANDRATHI,2167.4,-2.8,-0.6,9.0,-28.5,-24.8,1.4,14.6,12.5,6.3,-2.0,-2.0,0.8,26-09-2026
243,SUMICHEM,449.7,-2.4,-14.3,7.1,23.7,-20.0,2.8,2.7,2.2,2.5,8.8,-9.0,0.8,26-09-2026
244,BPCL,307.1,-2.2,-3.4,1.2,9.3,-6.8,1.3,1.8,1.9,0.9,5.1,-3.7,0.8,26-09-2026
245,CUB,220.52,-6.5,-3.8,5.7,-8.1,3.7,2.4,6.3,5.5,2.4,-1.3,0.7,0.6,26-09-2026
246,TRITURBINE,551.8,-2.8,-5.1,-19.7,25.9,6.5,1.9,2.8,2.3,-10.5,9.3,2.8,0.6,26-09-2026
247,RHIM,383.8,4.1,4.3,5.1,15.6,-18.2,2.1,2.6,2.6,2.4,6.1,-7.1,0.5,26-09-2026
248,ZFCVINDIA,2345.5,-1.7,-8.8,-8.4,2.4,8.9,1.7,1.7,1.9,-5.0,1.4,4.7,0.3,26-09-2026
249,ENRIN,3215.4,-0.4,-1.3,-12.7,25.3,-8.9,2.6,2.6,2.4,-4.9,9.6,-3.7,0.3,26-09-2026
250,MPHASIS,2248.2,-2.3,-6.9,6.8,12.4,-15.8,2.0,2.0,1.8,3.4,6.3,-8.7,0.3,26-09-2026
251,GRAVITA,1515.4,-5.2,-16.9,-7.0,15.0,-5.0,2.0,2.2,2.3,-3.5,6.7,-2.2,0.3,26-09-2026
252,TIMKEN,3256.9,4.3,2.3,-6.5,1.1,7.0,1.6,1.8,1.8,-4.0,0.6,3.9,0.2,26-09-2026
253,TATAINVEST,658.35,-6.3,2.5,-1.3,22.3,-25.3,2.2,2.2,2.7,-0.6,10.2,-9.2,0.1,26-09-2026
254,NUVOCO,335,2.0,3.4,10.5,19.2,-25.7,2.5,2.5,2.2,4.2,7.7,-11.6,0.1,26-09-2026
255,JUBLFOOD,478.9,-4.2,-5.0,14.7,10.3,-23.0,2.1,2.3,2.0,7.1,4.4,-11.3,0.0,26-09-2026
256,SCHAEFFLER,4024.2,-4.6,-0.7,-4.0,5.5,-0.7,1.3,1.6,1.8,-3.0,3.4,-0.4,0.0,26-09-2026
257,TEJASNET,511.3,-1.4,0.0,-16.5,32.4,-13.2,2.7,3.3,3.7,-6.2,9.8,-3.6,0.0,26-09-2026
258,PGEL,514.45,-2.8,-13.6,-3.5,9.5,-5.4,1.9,2.5,2.7,-1.9,3.8,-2.0,0.0,26-09-2026
259,BRIGADE,606.2,-2.5,-7.7,21.1,-6.9,-34.1,2.8,6.2,5.3,7.4,-1.1,-6.5,-0.1,26-09-2026
260,CIPLA,1399,0.3,-1.5,-4.5,14.3,-7.3,0.9,1.4,1.3,-4.8,10.1,-5.6,-0.1,26-09-2026
261,HYUNDAI,2060.6,-6.7,-8.5,8.1,15.9,-24.7,1.7,1.8,1.7,4.8,9.0,-14.4,-0.2,26-09-2026
262,ASIANPAINT,2392.7,-2.4,-9.1,-9.2,10.5,-0.5,1.2,1.4,1.5,-7.9,7.6,-0.3,-0.2,26-09-2026
263,CCL,1039.5,-2.5,-6.5,-12.0,-0.2,15.7,1.3,1.9,2.0,-9.0,-0.1,7.9,-0.4,26-09-2026
264,ONESOURCE,1594.6,0.0,5.1,-3.2,8.2,-9.0,1.7,2.1,2.6,-1.9,3.9,-3.4,-0.5,26-09-2026
265,ULTRACEMCO,11056,0.4,-5.6,0.3,5.0,-7.6,1.2,1.4,1.4,0.2,3.7,-5.3,-0.5,26-09-2026
266,CEATLTD,3353.8,-3.3,-4.5,-3.7,3.4,-2.9,2.0,2.2,2.4,-1.9,1.6,-1.2,-0.5,26-09-2026
267,CLEAN,815.45,-4.3,-1.7,6.2,20.1,-27.7,1.8,2.3,2.0,3.4,8.9,-13.8,-0.5,26-09-2026
268,AFFLE,1588.1,-1.0,-3.8,11.9,9.6,-23.0,2.3,2.1,2.1,5.1,4.5,-11.1,-0.5,26-09-2026
269,ABBOTINDIA,26860,-1.5,1.2,6.2,2.8,-11.0,1.3,1.3,1.3,4.8,2.1,-8.5,-0.5,26-09-2026
270,RITES,201.74,-2.7,-5.9,0.6,17.1,-19.0,2.6,2.4,2.1,0.2,7.3,-9.2,-0.6,26-09-2026
271,PAGEIND,37500,3.0,4.8,-8.9,19.0,-12.2,1.7,1.7,1.5,-5.2,11.4,-8.0,-0.6,26-09-2026
272,NTPCGREEN,95.43,7.8,4.9,-0.1,3.4,-6.7,1.3,1.8,1.8,-0.1,1.8,-3.7,-0.7,26-09-2026
273,JMFINANCIL,127.03,0.6,-2.6,3.9,11.8,-23.2,1.8,2.3,2.5,2.2,5.0,-9.3,-0.7,26-09-2026
274,HCLTECH,1243.6,-0.5,-3.0,16.0,-7.3,-12.7,2.0,2.1,1.9,8.0,-3.4,-6.7,-0.7,26-09-2026
275,KOTAKBANK,405,-1.8,-4.5,3.3,14.6,-79.9,1.3,1.4,5.2,2.4,10.6,-15.3,-0.8,26-09-2026
276,COHANCE,454.15,3.7,0.0,-0.4,50.7,-49.5,2.1,3.8,3.1,-0.2,13.5,-15.7,-0.8,26-09-2026
277,ELECON,459.1,9.0,8.5,-14.0,29.4,-21.5,2.5,2.8,2.9,-5.7,10.5,-7.5,-0.9,26-09-2026
278,LTM,4038,-5.6,-9.5,14.1,2.0,-21.1,2.2,2.3,2.1,6.5,0.9,-10.3,-1.0,26-09-2026
279,COALINDIA,422,3.0,5.5,-3.9,-6.3,7.5,1.2,1.4,1.6,-3.3,-4.4,4.8,-1.0,26-09-2026
280,CONCOR,466.3,-7.6,-5.4,-1.9,9.6,-12.0,2.1,2.0,1.7,-0.9,4.9,-7.0,-1.0,26-09-2026
281,JSWDULUX,3132.3,-1.8,0.9,-4.0,6.3,-7.6,1.7,1.8,1.9,-2.4,3.5,-4.1,-1.0,26-09-2026
282,AIIL,551.6,-1.3,-0.4,5.2,28.3,-81.6,2.8,3.1,5.9,1.9,9.0,-13.9,-1.0,26-09-2026
283,INDIGO,4890,-0.6,-5.8,-8.9,19.3,-14.0,1.7,2.2,2.1,-5.2,8.6,-6.6,-1.1,26-09-2026
284,FORTIS,877.35,-1.0,-4.2,-8.3,10.4,-7.1,1.3,1.4,1.6,-6.3,7.4,-4.4,-1.1,26-09-2026
285,MGL,1079.6,-0.2,-1.2,-6.6,16.7,-15.3,1.4,1.7,1.8,-4.7,9.5,-8.3,-1.1,26-09-2026
286,BHARTIHEXA,1507.2,-2.1,-4.6,4.7,0.2,-10.7,1.9,1.7,1.8,2.5,0.1,-6.0,-1.1,26-09-2026
287,INDUSTOWER,379.85,1.1,0.0,-3.0,-9.2,6.6,1.6,1.7,1.8,-1.9,-5.3,3.7,-1.1,26-09-2026
288,NEWGEN,493.6,-0.7,-5.6,5.9,24.1,-43.0,3.2,3.2,3.4,1.8,7.4,-12.8,-1.2,26-09-2026
289,CREDITACC,1315.1,-5.2,-7.8,-11.7,13.6,-7.2,1.8,2.4,2.5,-6.4,5.7,-2.9,-1.2,26-09-2026
290,ATGL,612.4,-7.3,-5.1,-16.3,20.1,-8.8,2.1,2.7,2.7,-7.8,7.4,-3.3,-1.2,26-09-2026
291,SBILIFE,1755,1.4,-1.0,-0.6,-1.3,-3.3,1.4,1.4,1.3,-0.4,-0.9,-2.5,-1.3,26-09-2026
292,MAXHEALTH,1046,-0.3,3.7,-7.2,8.9,-7.5,1.5,1.7,1.6,-4.8,5.3,-4.6,-1.3,26-09-2026
293,VBL,431.25,2.2,3.0,-14.9,12.7,-4.4,1.8,1.9,1.9,-8.4,6.7,-2.4,-1.3,26-09-2026
294,BAJAJFINSV,1762.3,-4.9,-12.4,-1.0,8.0,-13.4,1.6,1.6,1.5,-0.6,5.0,-8.7,-1.4,26-09-2026
295,BALKRISIND,2167.8,-4.3,-7.8,-0.6,0.8,-10.3,2.3,2.3,2.2,-0.2,0.4,-4.8,-1.6,26-09-2026
296,HONAUT,33625,-5.1,-7.7,-13.8,19.2,-9.0,1.7,2.3,1.9,-8.2,8.2,-4.6,-1.6,26-09-2026
297,ASTRAL,1392,-2.5,-9.0,4.2,-13.0,-1.0,1.7,1.9,1.9,2.4,-6.8,-0.5,-1.6,26-09-2026
298,ARE&M,795.4,-0.1,-12.8,-5.5,18.3,-19.0,1.8,2.4,2.0,-3.0,7.5,-9.5,-1.7,26-09-2026
299,GODREJPROP,1671.2,-1.2,-19.2,-10.5,13.6,-15.1,2.2,2.2,2.3,-4.8,6.2,-6.7,-1.7,26-09-2026
300,JPPOWER,15.84,3.1,-6.4,-10.4,12.8,-11.1,1.8,3.3,3.1,-5.7,3.9,-3.5,-1.8,26-09-2026
301,KFINTECH,897.95,-3.5,-6.2,2.1,2.4,-15.5,2.3,2.3,2.1,0.9,1.1,-7.3,-1.8,26-09-2026
302,JSWENERGY,510,-3.0,-5.9,-12.5,8.1,-3.5,1.6,1.9,1.9,-7.9,4.3,-1.9,-1.8,26-09-2026
303,IOC,136.27,-0.5,-0.9,-2.2,0.6,-6.8,1.2,1.6,1.7,-1.9,0.4,-4.0,-1.8,26-09-2026
304,ONGC,239,2.7,3.5,2.2,-15.7,5.5,1.0,1.4,1.5,2.1,-11.5,3.7,-1.9,26-09-2026
305,AXISBANK,1186.5,-5.6,-5.5,-11.8,2.2,1.7,1.5,1.6,1.5,-8.1,1.4,1.1,-1.9,26-09-2026
306,HEXT,499.35,-4.8,-10.3,-3.0,17.5,-29.1,2.3,2.3,2.4,-1.3,7.5,-12.0,-1.9,26-09-2026
307,SUNTV,512.7,13.5,10.5,0.5,-8.6,-3.4,1.8,1.9,2.2,0.3,-4.5,-1.5,-1.9,26-09-2026
308,SBFC,89.14,-3.5,-9.6,-1.8,10.1,-20.5,1.6,1.8,1.9,-1.1,5.6,-10.5,-2.0,26-09-2026
309,ALKEM,5326,-2.6,0.1,-4.4,0.5,-4.5,1.3,1.3,1.3,-3.4,0.4,-3.3,-2.1,26-09-2026
310,NIVABUPA,76.13,-4.4,-7.7,-10.0,8.9,-6.9,1.3,1.5,1.4,-7.9,6.1,-4.8,-2.2,26-09-2026
311,LTTS,3209.1,-4.1,-9.3,2.2,4.0,-22.1,1.7,2.2,2.2,1.3,1.8,-9.8,-2.2,26-09-2026
312,OLECTRA,1244,3.8,-6.2,-17.0,28.8,-24.3,1.8,2.5,2.7,-9.7,11.8,-8.9,-2.3,26-09-2026
313,BEL,392,-0.3,-4.6,-4.8,-2.2,-2.8,1.3,1.4,1.6,-3.7,-1.6,-1.7,-2.3,26-09-2026
314,ATUL,6135.5,-0.6,-6.0,-7.2,-1.7,-2.1,1.6,1.5,1.6,-4.6,-1.1,-1.3,-2.3,26-09-2026
315,BHARTIARTL,1795.8,-5.2,-4.4,-3.0,0.8,-7.2,1.4,1.4,1.3,-2.1,0.5,-5.5,-2.4,26-09-2026
316,DELHIVERY,426.3,-0.4,-8.5,-9.7,2.3,-6.4,1.9,1.9,1.9,-5.1,1.2,-3.3,-2.4,26-09-2026
317,IGIL,325.25,-1.7,-5.3,-8.4,2.3,-7.9,1.8,2.1,2.3,-4.8,1.1,-3.5,-2.4,26-09-2026
318,WHIRLPOOL,853.45,18.9,2.1,5.7,8.7,-33.8,3.1,2.7,2.6,1.8,3.3,-12.9,-2.6,26-09-2026
319,APTUS,240.92,1.4,-6.1,-13.6,23.8,-23.9,1.8,2.1,2.0,-7.4,11.2,-11.8,-2.6,26-09-2026
320,ANURAS,1177.2,-2.5,-7.1,-7.6,-7.1,7.7,1.1,1.3,1.6,-7.2,-5.5,4.8,-2.6,26-09-2026
321,JBMA,593.05,-1.0,-8.1,-15.0,15.1,-16.8,1.8,2.2,2.6,-8.5,6.8,-6.4,-2.7,26-09-2026
322,GRSE,2344,-2.8,-11.3,-14.0,18.8,-13.7,1.4,2.8,2.7,-9.7,6.6,-5.0,-2.7,26-09-2026
323,SARDAEN,499.45,-1.3,-2.9,-0.8,-1.4,-14.3,1.8,1.8,2.0,-0.5,-0.8,-7.0,-2.8,26-09-2026
324,COROMANDEL,1942.5,-2.9,0.7,-3.1,1.7,-13.2,1.4,1.8,1.8,-2.2,1.0,-7.2,-2.8,26-09-2026
325,HDBFS,661,-5.4,-3.5,-12.0,18.1,-13.8,1.3,1.9,1.6,-9.5,9.6,-8.5,-2.8,26-09-2026
326,SRF,2533.8,0.9,-2.7,-7.3,4.1,-12.5,1.7,1.8,1.8,-4.4,2.3,-6.8,-2.9,26-09-2026
327,GMDCLTD,542.5,-2.5,-4.4,-7.1,-4.2,-9.9,1.7,2.7,2.9,-4.1,-1.5,-3.4,-3.0,26-09-2026
328,SIGNATURE,784.6,3.7,1.4,6.0,1.3,-29.2,1.9,2.2,2.3,3.1,0.6,-12.8,-3.0,26-09-2026
329,FORCEMOT,17142,-2.0,-1.3,-7.7,-11.7,-3.5,2.0,2.6,2.8,-3.8,-4.4,-1.2,-3.2,26-09-2026
330,M&M,2982.7,-2.3,-10.4,-1.8,2.0,-15.7,1.4,1.7,1.7,-1.3,1.2,-9.4,-3.2,26-09-2026
331,MMTC,57.97,-3.8,-8.7,-14.8,11.3,-15.1,1.6,2.4,2.8,-9.5,4.7,-5.3,-3.3,26-09-2026
332,NHPC,76.25,-0.9,-0.4,-6.0,3.7,-9.8,1.0,1.5,1.4,-6.0,2.5,-6.8,-3.4,26-09-2026
333,AMBER,6911,-3.0,-10.3,-8.2,5.5,-18.1,1.6,2.5,2.5,-5.2,2.2,-7.3,-3.4,26-09-2026
334,ITCHOTELS,164.01,3.3,-0.1,-8.9,19.0,-28.4,1.8,1.9,1.9,-5.0,9.8,-15.2,-3.5,26-09-2026
335,MUTHOOTFIN,2825.3,-0.6,-8.4,-5.7,-9.8,-7.7,2.1,2.2,2.3,-2.8,-4.4,-3.3,-3.5,26-09-2026
336,BLUEDART,4793,-0.6,-4.3,-1.7,-1.0,-17.0,1.5,1.6,1.9,-1.1,-0.6,-9.0,-3.6,26-09-2026
337,COCHINSHIP,1370,-2.0,-11.2,-9.2,14.8,-28.9,2.1,2.5,2.3,-4.3,5.9,-12.4,-3.6,26-09-2026
338,EIHOTEL,296.9,-6.6,-1.1,-7.3,8.5,-21.7,2.0,2.0,1.9,-3.6,4.3,-11.5,-3.6,26-09-2026
339,KAYNES,3509.5,-0.2,-12.7,12.4,2.3,-53.2,3.0,3.4,3.4,4.2,0.7,-15.7,-3.6,26-09-2026
340,SWIGGY,267.45,-2.1,-6.1,11.7,2.9,-39.0,2.5,2.4,2.3,4.7,1.2,-16.7,-3.6,26-09-2026
341,TRAVELFOOD,1214.2,-3.3,-8.3,-7.5,-3.0,-9.0,1.7,2.0,1.8,-4.5,-1.5,-4.9,-3.6,26-09-2026
342,TORNTPOWER,1244.2,-1.2,1.2,-12.1,-4.4,-0.2,1.4,1.9,1.9,-8.5,-2.3,-0.1,-3.7,26-09-2026
343,SAMMAANCAP,140.55,-2.3,-4.6,-19.1,-6.0,3.9,1.9,2.2,2.5,-9.8,-2.7,1.6,-3.7,26-09-2026
344,NAVA,557,-0.9,0.1,-7.3,5.8,-19.6,1.5,2.3,2.2,-4.7,2.5,-8.8,-3.7,26-09-2026
345,TATACHEM,652.2,-5.9,1.3,-8.9,13.5,-31.3,3.3,3.0,2.3,-2.7,4.6,-13.3,-3.8,26-09-2026
346,SUPREMEIND,3434,-4.1,-4.2,8.8,-7.7,-20.3,1.8,1.7,1.7,4.8,-4.5,-11.8,-3.8,26-09-2026
347,LUPIN,2100.7,0.9,-2.7,-12.5,-8.6,6.3,1.2,1.3,1.2,-10.1,-6.6,5.1,-3.9,26-09-2026
348,UPL,549.6,-5.2,-4.9,-2.9,-2.3,-17.9,1.8,1.9,2.0,-1.6,-1.2,-8.9,-3.9,26-09-2026
349,BERGEPAINT,449.4,-2.0,-10.3,-11.9,9.6,-15.4,1.5,2.0,1.7,-7.8,4.8,-8.8,-3.9,26-09-2026
350,MAPMYINDIA,882.8,-1.9,-9.7,9.3,5.0,-45.8,3.5,3.3,2.9,2.7,1.5,-16.0,-4.0,26-09-2026
351,BBTC,1437.4,-4.9,0.8,-7.0,4.5,-23.6,2.3,2.1,2.1,-3.0,2.1,-11.0,-4.0,26-09-2026
352,TATAPOWER,363.45,-3.0,3.3,-5.7,-3.4,-6.3,1.2,1.3,1.3,-4.9,-2.7,-4.7,-4.1,26-09-2026
353,LICI,406,-0.4,-1.9,-5.9,-44.1,-54.3,1.6,11.6,11.0,-3.6,-3.8,-4.9,-4.1,26-09-2026
354,HINDPETRO,350.4,-2.4,-5.6,-11.2,4.5,-17.3,1.6,2.3,2.4,-7.1,1.9,-7.3,-4.2,26-09-2026
355,JKCEMENT,5184.5,2.4,-0.9,-4.8,2.1,-21.2,1.5,2.0,2.0,-3.3,1.0,-10.4,-4.2,26-09-2026
356,NATCOPHARM,842,3.5,-1.8,-9.4,-13.4,-0.9,1.5,2.2,2.3,-6.2,-6.2,-0.4,-4.3,26-09-2026
357,CENTRALBK,31.19,-1.7,1.8,-4.1,-0.8,-16.4,1.2,1.8,1.8,-3.3,-0.4,-9.1,-4.3,26-09-2026
358,TECHNOE,991.65,-3.8,0.1,-5.2,1.4,-27.5,2.1,2.7,2.5,-2.5,0.5,-11.0,-4.3,26-09-2026
359,NLCINDIA,263.25,-2.0,-2.0,-18.2,-1.9,-4.7,1.7,2.5,2.3,-10.7,-0.8,-2.1,-4.5,26-09-2026
360,GALLANTT,545.25,-0.4,-6.6,-20.5,0.5,-17.9,2.4,3.6,3.4,-8.4,0.1,-5.3,-4.5,26-09-2026
361,THERMAX,3406.1,-4.1,-14.1,-33.7,4.9,1.8,2.1,2.6,2.2,-16.3,1.8,0.8,-4.5,26-09-2026
362,GICRE,339.25,-3.4,-3.6,-6.7,-6.5,-5.8,1.1,1.8,1.6,-6.3,-3.7,-3.6,-4.6,26-09-2026
363,FACT,777.8,1.8,-10.2,-10.6,-1.4,-20.0,2.0,2.3,2.6,-5.3,-0.6,-7.8,-4.6,26-09-2026
364,PREMIERENE,898,-0.4,-10.2,-14.6,0.8,-14.0,1.9,1.8,2.1,-7.5,0.4,-6.6,-4.6,26-09-2026
365,TRENT,2700,-4.4,-6.2,-17.8,23.1,-44.8,1.9,2.2,2.9,-9.2,10.5,-15.3,-4.7,26-09-2026
366,JKTYRE,347.2,-0.6,-8.3,-11.9,-8.9,-7.0,1.7,2.2,2.3,-7.0,-4.0,-3.0,-4.7,26-09-2026
367,BAJAJHFL,82.96,-3.1,-2.7,-5.2,13.5,-25.4,1.1,1.5,1.4,-4.6,9.1,-18.6,-4.7,26-09-2026
368,MFSL,1410,-9.6,-10.1,-11.0,-5.4,-11.0,2.1,2.0,1.8,-5.3,-2.7,-6.1,-4.7,26-09-2026
369,ABREL,1211.8,-4.3,-13.0,-8.5,7.9,-32.0,1.9,2.3,2.4,-4.4,3.4,-13.1,-4.7,26-09-2026
370,COLPAL,1854.8,-3.3,0.5,-7.2,3.7,-18.4,1.6,1.7,1.6,-4.5,2.2,-11.9,-4.7,26-09-2026
371,ZEEL,78.17,-0.6,-23.0,-22.7,11.0,-31.1,3.3,3.5,2.9,-6.9,3.1,-10.8,-4.9,26-09-2026
372,AWL,184.69,-1.2,-7.5,0.6,3.9,-29.4,1.4,1.7,1.7,0.4,2.3,-17.3,-4.9,26-09-2026
373,DRREDDY,1200.4,1.3,2.0,-11.6,-4.3,-5.9,1.4,1.6,1.5,-8.2,-2.7,-4.0,-5.0,26-09-2026
374,AAVAS,1256.4,-2.2,-2.3,-15.3,13.2,-24.8,1.8,2.0,1.9,-8.6,6.6,-13.0,-5.0,26-09-2026
375,CAMS,710.6,0.4,-4.1,-10.8,13.6,-81.6,1.6,1.9,5.4,-7.0,7.1,-15.2,-5.0,26-09-2026
376,ESCORTS,2822.9,0.9,-8.0,-2.6,-0.7,-23.7,1.1,1.6,1.9,-2.3,-0.4,-12.5,-5.1,26-09-2026
377,MAZDOCK,2202,-3.4,-14.9,-11.6,6.8,-24.6,1.7,2.0,2.1,-7.0,3.4,-11.7,-5.1,26-09-2026
378,GODFRYPHLP,1974,-2.2,-6.7,-9.2,5.4,-41.0,2.0,2.1,3.0,-4.5,2.6,-13.9,-5.3,26-09-2026
379,CANFINHOME,743.15,-4.5,-7.4,-11.2,-9.6,-4.5,1.5,1.6,1.7,-7.3,-6.1,-2.7,-5.4,26-09-2026
380,IOB,31.92,-0.8,-3.0,-6.4,1.7,-17.9,1.0,1.2,1.6,-6.2,1.4,-11.3,-5.4,26-09-2026
381,BLUESTARCO,1525,-0.4,1.9,-6.3,-5.3,-20.9,2.0,2.1,2.0,-3.2,-2.6,-10.5,-5.4,26-09-2026
382,INDIACEM,330.1,-4.3,-10.6,-12.5,-4.0,-13.9,1.7,1.9,2.0,-7.4,-2.1,-6.8,-5.5,26-09-2026
383,HUDCO,174.32,-0.3,-4.6,-15.0,9.2,-23.7,1.5,1.8,2.0,-9.8,5.1,-11.8,-5.5,26-09-2026
384,TATACONSUM,986.3,-1.0,-5.4,-8.3,-2.0,-12.8,1.3,1.5,1.4,-6.3,-1.3,-9.0,-5.5,26-09-2026
385,UTIAMC,907.9,1.4,1.9,1.0,0.8,-31.8,1.3,1.8,1.8,0.8,0.4,-17.8,-5.5,26-09-2026
386,SBICARD,618.4,-5.0,-4.1,4.3,-2.7,-29.9,1.9,1.8,1.7,2.2,-1.5,-17.5,-5.6,26-09-2026
387,RAMCOCEM,872.1,0.3,-7.3,-5.9,-4.0,-16.3,1.4,1.6,1.6,-4.2,-2.5,-10.2,-5.6,26-09-2026
388,SOBHA,1227.7,1.0,-3.6,-10.6,3.8,-21.9,1.3,1.6,1.9,-7.8,2.3,-11.4,-5.6,26-09-2026
389,BANKBARODA,234.3,-0.3,-2.8,-14.0,-5.4,-7.3,1.4,1.8,1.8,-9.9,-3.0,-4.1,-5.7,26-09-2026
390,RECLTD,308.25,-1.2,-3.9,-13.9,2.7,-15.2,1.4,1.7,1.7,-9.9,1.6,-8.8,-5.7,26-09-2026
391,BDL,1155,-3.5,-14.4,-15.6,5.3,-25.8,1.8,2.2,2.3,-8.7,2.4,-11.1,-5.8,26-09-2026
392,GPIL,229.78,-1.6,-4.4,-10.1,-14.5,-11.5,2.0,2.0,2.2,-5.1,-7.4,-5.3,-5.9,26-09-2026
393,DALBHARAT,1721.2,-2.3,-8.3,1.2,-7.3,-25.8,1.6,1.8,1.8,0.8,-4.0,-14.7,-6.0,26-09-2026
394,TARIL,280.4,0.2,-7.7,-20.1,10.3,-46.5,2.2,2.8,3.7,-9.2,3.7,-12.4,-6.0,26-09-2026
395,JIOFIN,227.2,-1.2,-4.6,-3.9,-2.3,-24.7,1.7,1.7,1.7,-2.3,-1.3,-14.3,-6.0,26-09-2026
396,HDFCAMC,2380.3,-1.8,-7.6,-10.3,7.4,-58.6,1.8,2.2,3.7,-5.9,3.4,-15.7,-6.1,26-09-2026
397,APOLLOTYRE,397.95,-2.8,-10.2,-7.5,-3.5,-19.3,1.5,1.7,1.7,-5.0,-2.1,-11.3,-6.1,26-09-2026
398,UCOBANK,23.74,0.0,-6.9,-12.0,7.5,-20.9,1.1,1.7,1.7,-10.9,4.5,-12.1,-6.2,26-09-2026
399,POWERGRID,266.4,-1.4,0.6,-6.5,-9.6,-6.2,1.1,1.2,1.3,-5.7,-8.1,-4.8,-6.2,26-09-2026
400,BLS,223.9,-1.2,-6.0,-10.7,-5.0,-34.8,2.2,2.4,3.0,-5.0,-2.1,-11.6,-6.2,26-09-2026
401,CHOLAHLDNG,1432.6,-5.0,-8.1,-13.0,3.1,-25.1,1.4,2.4,2.3,-9.1,1.3,-10.9,-6.2,26-09-2026
402,BSOFT,277.7,-1.0,-3.6,-3.0,-16.5,-24.0,2.1,2.2,2.4,-1.4,-7.3,-10.0,-6.3,26-09-2026
403,RAILTEL,261.55,-1.3,-6.3,-14.7,6.7,-29.4,1.5,2.6,2.4,-9.6,2.6,-12.1,-6.4,26-09-2026
404,TCS,2087,-0.9,-7.2,3.3,-9.8,-28.4,2.0,2.1,1.8,1.6,-4.8,-15.9,-6.4,26-09-2026
405,MRF,123985,-1.3,-7.2,-2.8,-3.3,-20.4,1.2,1.3,1.4,-2.4,-2.6,-14.1,-6.4,26-09-2026
406,TIINDIA,2540.5,-2.3,-11.5,-16.1,1.0,-22.4,1.8,2.0,2.1,-9.0,0.5,-10.6,-6.4,26-09-2026
407,LATENTVIEW,245.4,-3.9,-10.8,-9.4,-2.3,-39.9,2.1,2.9,2.9,-4.5,-0.8,-13.9,-6.4,26-09-2026
408,IEX,111.2,-3.7,-8.9,-11.1,-3.1,-20.5,1.5,1.8,2.0,-7.3,-1.7,-10.3,-6.4,26-09-2026
409,ICICIGI,1577,8.2,-0.7,-9.5,-7.8,-16.2,2.0,1.8,1.6,-4.7,-4.4,-10.3,-6.5,26-09-2026
410,INTELLECT,638.7,-1.4,-5.8,-11.0,6.7,-39.7,1.8,2.2,2.4,-6.0,3.0,-16.7,-6.6,26-09-2026
411,POLICYBZR,1207.2,-30.7,-34.3,-25.9,-15.5,-33.0,5.0,3.8,3.1,-5.1,-4.1,-10.5,-6.6,26-09-2026
412,JSWCEMENT,115.71,-1.5,-8.6,-14.2,5.0,-19.6,1.2,1.7,1.8,-12.0,2.9,-10.7,-6.6,26-09-2026
413,CIEINDIA,388.95,0.5,-1.4,-15.0,-12.9,-9.4,1.9,1.9,1.9,-8.1,-6.9,-4.9,-6.6,26-09-2026
414,VMM,105.46,2.7,-2.4,-10.6,0.2,-28.5,2.0,1.9,1.9,-5.2,0.1,-14.8,-6.7,26-09-2026
415,LINDEINDIA,6196.5,-0.7,-5.4,-15.2,-9.5,-2.8,1.2,1.5,1.7,-12.3,-6.1,-1.6,-6.7,26-09-2026
416,TRIDENT,23.15,-0.3,-5.1,-11.4,5.0,-20.1,0.9,1.5,1.9,-12.7,3.4,-10.8,-6.7,26-09-2026
417,ITI,251.05,-2.1,-8.8,-15.7,5.0,-19.2,1.1,1.8,2.3,-14.5,2.7,-8.5,-6.7,26-09-2026
418,AADHARHFC,446.7,-3.2,-5.0,-13.9,-2.1,-17.3,1.6,1.8,1.7,-8.8,-1.2,-10.3,-6.8,26-09-2026
419,ICICIPRULI,464.5,-5.6,-8.9,-4.8,-8.8,-21.9,1.8,1.9,1.7,-2.6,-4.6,-13.2,-6.8,26-09-2026
420,RELIANCE,1219.2,-0.6,-4.9,-5.8,-8.9,-11.4,1.2,1.3,1.3,-4.9,-6.7,-8.8,-6.8,26-09-2026
421,VEDL,267.5,0.0,-4.8,-4.7,-59.2,-39.4,1.8,6.3,4.7,-2.6,-9.5,-8.4,-6.8,26-09-2026
422,DCMSHRIRAM,975.6,-2.0,-5.1,-3.0,-12.6,-18.1,1.2,1.6,1.8,-2.6,-7.9,-10.1,-6.8,26-09-2026
423,NTPC,326.6,0.9,-0.2,-7.4,-10.9,-3.5,0.9,1.1,1.2,-7.9,-9.8,-2.9,-6.9,26-09-2026
424,TTML,35.02,-2.0,-4.0,-18.2,11.7,-38.0,1.6,2.4,2.6,-11.7,4.8,-14.8,-7.2,26-09-2026
425,NCC,133.42,-2.7,-11.2,-8.6,3.5,-35.0,1.7,1.9,1.9,-5.0,1.8,-18.5,-7.2,26-09-2026
426,EMAMILTD,390.5,6.0,0.7,-3.4,-0.7,-31.5,1.7,1.7,1.6,-2.0,-0.4,-19.7,-7.4,26-09-2026
427,NBCC,82.34,-0.1,-6.6,-21.0,7.0,-24.4,1.4,1.9,2.2,-14.6,3.6,-11.2,-7.4,26-09-2026
428,SWANCORP,294.7,-0.1,-3.0,-5.9,-1.7,-39.6,1.7,2.1,2.2,-3.4,-0.8,-18.2,-7.5,26-09-2026
429,ERIS,1274.6,-3.5,-2.9,-11.1,-4.9,-22.0,1.3,1.8,1.9,-8.2,-2.7,-11.7,-7.6,26-09-2026
430,LEMONTREE,106.72,0.2,-0.9,-8.5,6.3,-37.1,1.3,1.9,1.9,-6.7,3.3,-19.3,-7.6,26-09-2026
431,CHAMBLFERT,418.2,0.8,-1.5,-10.6,-2.0,-20.8,1.2,1.6,1.7,-9.0,-1.2,-12.5,-7.6,26-09-2026
432,DOMS,2109,0.2,-4.3,-5.5,-9.8,-19.3,1.3,1.5,1.6,-4.4,-6.7,-11.8,-7.6,26-09-2026
433,VOLTAS,1113.4,0.2,-8.6,-12.9,-12.3,-18.6,1.7,1.9,2.0,-7.4,-6.4,-9.5,-7.8,26-09-2026
434,DMART,3787.5,1.0,-1.6,-13.5,-4.3,-17.2,1.4,1.7,1.5,-9.4,-2.6,-11.4,-7.8,26-09-2026
435,IREDA,110.11,-3.7,-6.2,-14.4,1.0,-26.7,1.5,1.9,1.9,-9.8,0.5,-14.1,-7.8,26-09-2026
436,PATANJALI,404.85,10.3,16.3,-0.9,-11.0,-31.7,2.6,2.1,1.8,-0.3,-5.4,-17.9,-7.9,26-09-2026
437,JWL,228.07,-0.9,-7.7,-14.8,-4.2,-29.6,1.3,2.1,2.8,-11.1,-2.0,-10.6,-7.9,26-09-2026
438,HDFCBANK,728.9,-0.3,2.5,-8.7,-0.4,-23.3,1.3,1.5,1.4,-6.7,-0.2,-17.0,-8.0,26-09-2026
439,PFC,339.35,-0.9,-4.6,-18.4,-8.8,-13.3,1.6,1.7,1.8,-11.4,-5.1,-7.5,-8.0,26-09-2026
440,MSUMI,34.7,-2.7,-8.5,-12.3,-4.6,-25.4,1.5,1.9,1.9,-8.4,-2.4,-13.5,-8.1,26-09-2026
441,ZENSARTECH,422.55,-3.2,-8.9,1.8,-15.9,-46.3,3.3,2.8,2.4,0.5,-5.7,-19.3,-8.1,26-09-2026
442,IRB,17.88,-3.3,-7.5,-16.5,-19.2,-57.4,1.3,4.4,7.8,-12.8,-4.4,-7.4,-8.2,26-09-2026
443,INFY,1014.5,-3.5,-8.7,1.4,-18.9,-31.7,2.0,2.1,1.9,0.7,-8.8,-16.4,-8.2,26-09-2026
444,CESC,139.89,-1.2,-8.1,-17.1,-6.9,-16.4,1.3,1.9,1.9,-12.8,-3.5,-8.7,-8.3,26-09-2026
445,IGL,145.74,-1.9,-1.0,-11.6,0.1,-28.9,1.4,1.6,1.7,-8.2,0.1,-17.2,-8.5,26-09-2026
446,PFIZER,4046.2,1.1,-14.6,-7.4,-12.4,-18.2,1.4,1.4,1.5,-5.1,-8.5,-12.4,-8.7,26-09-2026
447,CROMPTON,219.8,-3.2,-7.6,-20.0,-1.7,-26.6,1.8,2.0,1.9,-11.1,-0.8,-14.3,-8.8,26-09-2026
448,BRITANNIA,4895,-2.1,-7.6,-4.9,-9.7,-17.8,1.2,1.2,1.2,-4.1,-7.9,-14.4,-8.8,26-09-2026
449,SHREECEM,22350,-1.1,-8.7,-11.3,-2.7,-24.2,1.5,1.5,1.4,-7.6,-1.8,-17.2,-8.8,26-09-2026
450,DABUR,385.7,-2.4,-0.1,-8.7,-6.0,-23.8,1.4,1.5,1.4,-6.4,-4.0,-16.5,-8.9,26-09-2026
451,BIKAJI,575.2,-0.9,-6.0,-11.6,-6.8,-24.2,1.7,1.7,1.5,-6.7,-4.1,-16.1,-9.0,26-09-2026
452,HEG,235.25,-0.8,-66.9,-54.5,-56.6,-54.9,8.5,6.2,4.8,-6.4,-9.1,-11.4,-9.0,26-09-2026
453,RPOWER,20.67,-2.2,-9.0,-16.8,1.5,-55.5,2.0,2.6,2.9,-8.6,0.6,-19.3,-9.1,26-09-2026
454,BATAINDIA,627,-1.8,-8.0,-8.3,3.2,-47.1,1.4,2.3,2.1,-5.8,1.4,-22.9,-9.1,26-09-2026
455,GILLETTE,7118.5,0.6,-3.9,-7.3,-1.9,-26.5,1.0,1.2,1.4,-7.2,-1.5,-18.6,-9.1,26-09-2026
456,HINDUNILVR,1933.5,0.1,-3.8,-8.7,-5.9,-23.8,1.5,1.5,1.4,-5.8,-4.0,-17.5,-9.1,26-09-2026
457,PIIND,2393.5,1.1,-3.0,-6.0,-11.7,-33.7,1.8,2.0,1.8,-3.2,-5.7,-18.8,-9.3,26-09-2026
458,TMPV,295,-2.9,-6.7,-16.2,0.4,-56.5,1.5,2.0,3.2,-10.8,0.2,-17.8,-9.4,26-09-2026
459,AMBUJACEM,384.1,-1.1,-6.6,-9.0,-4.3,-33.7,1.4,1.7,1.7,-6.4,-2.5,-19.7,-9.5,26-09-2026
460,MARUTI,11990,-0.9,-10.8,-14.2,-1.6,-25.5,1.4,1.5,1.5,-10.2,-1.0,-17.5,-9.6,26-09-2026
461,WIPRO,163.64,-1.9,-7.2,-2.9,-11.8,-30.6,1.3,1.6,1.6,-2.2,-7.4,-19.4,-9.7,26-09-2026
462,GODREJCP,875,-0.6,-5.2,-13.4,-11.2,-26.4,1.9,1.8,1.6,-7.0,-6.2,-16.1,-9.7,26-09-2026
463,HAVELLS,1090,-3.7,-12.2,-6.0,-8.5,-29.2,1.4,1.5,1.5,-4.4,-5.5,-19.6,-9.8,26-09-2026
464,SYNGENE,380.35,3.1,-8.1,-13.5,-2.2,-40.5,1.6,2.1,2.0,-8.4,-1.0,-20.1,-9.8,26-09-2026
465,SUZLON,40.74,-5.6,-13.0,-30.8,3.0,-29.2,1.8,2.2,2.0,-16.8,1.4,-14.3,-9.9,26-09-2026
466,ACC,1236.1,-1.9,-5.7,-6.9,-1.5,-33.2,1.3,1.5,1.4,-5.4,-1.0,-23.5,-10.0,26-09-2026
467,INOXWIND,73.09,-4.8,1.5,-18.9,-3.2,-48.2,2.1,2.6,2.4,-9.1,-1.2,-20.0,-10.1,26-09-2026
468,EIDPARRY,689.55,-1.6,-13.3,-3.4,-13.3,-35.8,1.8,1.7,1.7,-1.9,-7.8,-21.1,-10.3,26-09-2026
469,HDFCLIFE,526.9,-4.4,-3.9,-8.5,-10.8,-31.1,1.8,1.7,1.5,-4.8,-6.3,-20.6,-10.6,26-09-2026
470,AFCONS,253.75,-3.7,-11.0,-18.7,-6.6,-42.8,1.9,2.6,2.1,-9.7,-2.6,-20.4,-10.9,26-09-2026
471,SJVN,62.24,-2.7,-4.6,-14.5,-1.2,-31.3,0.9,1.7,2.0,-16.1,-0.7,-16.0,-11.0,26-09-2026
472,ABFRL,48.06,-4.2,-10.4,-17.2,-10.8,-45.0,1.9,2.2,2.3,-9.1,-4.9,-19.7,-11.2,26-09-2026
473,IRCON,106.6,-3.0,-13.4,-18.7,-7.6,-38.4,1.4,2.1,2.3,-13.5,-3.7,-16.7,-11.3,26-09-2026
474,ITC,268,2.2,-0.4,-6.6,-6.9,-33.0,1.2,1.2,1.4,-5.3,-5.5,-24.0,-11.6,26-09-2026
475,WAAREEENER,2482,-3.1,-5.3,-15.7,-20.1,-28.8,1.5,1.7,2.2,-10.8,-11.6,-12.8,-11.7,26-09-2026
476,RVNL,206,-3.9,-4.6,-12.4,-17.2,-40.2,1.6,1.9,2.1,-7.9,-8.8,-19.0,-11.9,26-09-2026
477,UBL,1270.2,1.5,-5.7,-4.3,-16.9,-28.8,1.3,1.4,1.4,-3.3,-12.3,-20.8,-12.1,26-09-2026
478,IRCTC,461.2,-3.3,-5.4,-8.3,-6.7,-35.5,1.2,1.4,1.4,-6.7,-4.8,-25.3,-12.3,26-09-2026
479,IRFC,79.86,-2.0,-5.7,-11.8,-8.5,-35.6,1.0,1.6,1.8,-12.2,-5.3,-19.9,-12.5,26-09-2026
480,KPITTECH,516.85,-2.9,-12.1,-23.0,-18.6,-58.8,3.1,2.7,2.5,-7.4,-7.0,-23.7,-12.7,26-09-2026
481,FIRSTCRY,179.63,4.4,-4.6,-19.6,-13.8,-52.6,1.7,2.0,2.5,-11.3,-6.8,-20.7,-12.9,26-09-2026
482,ABLBL,78.59,-3.2,-7.8,-18.3,-10.9,-42.0,1.3,2.0,2.2,-13.9,-5.4,-19.5,-12.9,26-09-2026
483,TATAELXSI,3183.8,-2.5,-12.4,-16.9,-18.5,-41.1,1.9,1.9,2.0,-8.8,-9.7,-20.8,-13.1,26-09-2026
484,GODIGIT,250.3,4.7,-2.9,-22.5,-23.1,-30.3,2.3,1.9,1.6,-9.8,-12.4,-18.6,-13.6,26-09-2026
485,INDIAMART,1635.9,-0.6,-6.8,-14.2,-17.6,-31.1,1.4,1.4,1.6,-10.1,-12.3,-19.0,-13.8,26-09-2026
486,BAYERCROP,3736.3,-1.1,-8.2,-9.9,-19.6,-25.1,1.0,1.2,1.3,-10.0,-16.5,-19.1,-15.2,26-09-2026
487,KEC,395.4,-2.2,-6.2,-24.2,-22.7,-54.5,1.8,2.3,2.3,-13.8,-10.0,-23.9,-15.9,26-09-2026
