Top_N,Exit_Rank,Years,Initial_Capital,Final_Portfolio_Value,Total_Return_%,CAGR_%,XIRR_%,Max_Drawdown_%,Periods
15,70,5,1000000.0,5067810.02,485.56,43.26,39.6,19.98,59
15,60,5,1000000.0,5135977.84,485.43,43.25,39.98,18.65,59
20,60,5,1000000.0,5145465.99,484.66,43.21,40.03,21.64,59
20,70,5,1000000.0,5006195.13,477.06,42.83,39.24,22.24,59
5,70,5,1000000.0,4917629.31,463.98,42.17,38.73,23.63,59
15,80,5,1000000.0,4610417.23,450.84,41.49,36.91,19.0,59
30,60,5,1000000.0,4672508.96,446.82,41.28,37.28,20.84,59
20,80,5,1000000.0,4578292.24,444.65,41.16,36.71,18.97,59
5,80,5,1000000.0,4857476.86,442.58,41.05,38.38,23.63,59
25,60,5,1000000.0,4772458.56,432.47,40.51,37.88,22.19,59
25,70,5,1000000.0,4724860.15,429.52,40.36,37.6,21.93,59
10,60,5,1000000.0,4669562.38,424.31,40.07,37.27,22.0,59
25,80,5,1000000.0,4492048.56,412.73,39.44,36.18,21.28,59
30,80,5,1000000.0,4354736.98,396.08,38.51,35.31,23.07,59
30,70,5,1000000.0,4232282.17,382.1,37.7,34.52,22.89,59
5,60,5,1000000.0,4218534.3,372.01,37.11,34.43,23.63,59
10,80,5,1000000.0,4110843.33,369.76,36.98,33.72,21.01,59
10,70,5,1000000.0,3753167.8,321.14,33.97,31.24,22.0,59
